security_id,security_name,security_type,market
100,Evans-Daniels,stock,NASDAQ
101,Gaines and Sons,bond,NASDAQ
102,"Wood, Hernandez and Costa",bond,NYSE
103,Evans PLC,bond,LSE
104,Young-Cook,stock,LSE
105,"Rice, Hicks and Reyes",stock,NYSE
106,Yoder-Smith,bond,LSE
107,Williams-Guerra,stock,NYSE
108,Donovan-Ramos,bond,NYSE
109,"Garrett, Perez and Davidson",stock,NASDAQ
110,"Delgado, Bright and Jones",bond,NASDAQ
111,Castillo PLC,bond,NYSE
112,Hayes LLC,stock,NYSE
113,"Spence, Cortez and Hoffman",bond,LSE
114,Hurst-Riley,stock,LSE
115,Johnson LLC,stock,NYSE
116,Larson-Webb,bond,NASDAQ
117,Price LLC,stock,NYSE
118,Mills-Richards,bond,LSE
119,Martinez-Ramirez,stock,LSE
120,Anderson Ltd,stock,NYSE
121,Chan and Sons,bond,NYSE
122,Lawson-Morales,bond,LSE
123,"Smith, Bond and Rose",bond,LSE
124,Miller and Sons,stock,LSE
125,"Wilson, Hopkins and Williams",stock,NASDAQ
126,"Alvarado, Hall and Young",stock,NASDAQ
127,"Farmer, Johnson and Dorsey",bond,LSE
128,"Adkins, Welch and Harding",stock,NYSE
129,Phillips Ltd,stock,LSE
130,Moore-Morris,stock,NYSE
131,Baker-Webb,stock,NASDAQ
132,Waters-Benjamin,bond,NYSE
133,White-Sanchez,bond,NYSE
134,Edwards-Nelson,stock,NASDAQ
135,"Jordan, Jones and Taylor",stock,NYSE
136,"Robinson, Bridges and Moreno",bond,LSE
137,Brown PLC,stock,NYSE
138,Hall-Pitts,stock,NASDAQ
139,"Anderson, Johnson and Calderon",bond,LSE
140,Chavez-Cherry,bond,LSE
141,Robinson-Meza,stock,LSE
142,Bates Group,stock,NASDAQ
143,Sanchez PLC,stock,LSE
144,Perry and Sons,stock,NYSE
145,Martin-Mckinney,bond,NYSE
146,"Clay, Sherman and Vazquez",stock,NASDAQ
147,Saunders-Ortiz,stock,NASDAQ
148,"Mcgee, Gordon and Klein",stock,NASDAQ
149,Flores and Sons,stock,NYSE
150,French-Miller,bond,NASDAQ
151,Hampton LLC,bond,LSE
152,"Hernandez, Petersen and Barrera",stock,LSE
153,Jackson PLC,stock,NASDAQ
154,Jones LLC,stock,NASDAQ
155,Holmes and Sons,stock,NYSE
156,Johnson and Sons,bond,NYSE
157,Compton PLC,stock,LSE
158,"Taylor, Douglas and Powell",stock,LSE
159,"Williams, Mcdonald and Trujillo",bond,NYSE
160,Henderson-Carter,stock,LSE
161,"Malone, Fox and Campbell",stock,NYSE
162,Arnold Ltd,stock,NYSE
163,Romero Group,stock,NASDAQ
164,Chen Group,stock,NASDAQ
165,"Snyder, Rodriguez and Spears",bond,NASDAQ
166,Roberts-Ruiz,stock,LSE
167,George-Lane,stock,NYSE
168,Cooke-Young,stock,NASDAQ
169,"Hill, Curry and Boyle",stock,LSE
170,Dudley Ltd,stock,LSE
171,Wilson-Glenn,stock,LSE
172,"Lane, Garcia and Strickland",bond,NYSE
173,"Johnson, Gray and Robbins",stock,NYSE
174,Barker and Sons,stock,NYSE
175,Perez Group,stock,LSE
176,Cameron Ltd,bond,LSE
177,"Curry, Jimenez and Roberts",bond,NYSE
178,"Cook, Gamble and Patel",stock,LSE
179,"Allen, Stewart and Smith",stock,LSE
180,Hull-Allen,stock,NASDAQ
181,Myers PLC,stock,NYSE
182,"Horne, Adkins and Williamson",stock,LSE
183,Marshall-Adkins,stock,NYSE
184,Reyes Inc,bond,LSE
185,Richardson-Brown,bond,LSE
186,Reed Inc,bond,NASDAQ
187,Matthews-Bird,stock,NYSE
188,"Wallace, Johnson and Jackson",stock,LSE
189,"Coleman, Strong and Fernandez",bond,NYSE
190,"Fritz, Carter and Davis",stock,NASDAQ
191,Garcia Ltd,bond,LSE
192,Chen-Rodriguez,bond,NASDAQ
193,Martinez and Sons,bond,NASDAQ
194,Ortiz-Mullen,bond,NYSE
195,Lopez and Sons,bond,NASDAQ
196,Santiago Inc,stock,NYSE
197,Harris PLC,stock,NYSE
198,Owens Ltd,stock,NYSE
199,"Woods, Rocha and Smith",bond,NASDAQ
